rs,odds_ratio,log_odds
rs7542260,1,0
rs2847344,1.04,0.01745073
rs10803412,1.05,0.022428371
rs544780844,1.07,0.027349608
rs56391074,1.05,0.01911629
rs1811698,1.08,0.032215703
rs607518,1.06,0.026533265
rs10127983,1.07,0.027757205
rs56103503,1.06,0.024485668
rs147847496,1.17,0.066325925
rs184104770,1.17,0.068927612
rs80237341,1.15,0.059563418
rs6660538,1.04,0.01745073
rs4075646,1.07,0.028571253
rs507603,1.05,0.020361283
rs34295433,1.04,0.01745073
rs138638958,1.05,0.01911629
rs4245739,1.09,0.038222638
rs708723,1.05,0.021189299
rs11686272,1.04,0.017867719
rs73913932,1.08,0.033423755
rs1990613,1.06,0.025715384
rs7602028,1.06,0.024485668
rs9306894,1.09,0.035829825
rs6738169,1.04,0.018284308
rs7591218,1.07,0.028571253
rs28514770,1.05,0.019946682
rs11125927,1.09,0.036628895
rs58235267,1.12,0.048830087
rs139283528,1.28,0.105850674
rs74702681,1.17,0.068927612
rs2028900,1.09,0.03702788
rs2165108,1.08,0.033423755
rs11691517,1.05,0.022840611
rs111595856,1.08,0.035029282
rs10206072,1.06,0.024074987
rs16854905,1.06,0.024485668
rs77167534,1.24,0.091666958
rs34925593,1.05,0.022840611
rs1861270,1.05,0.020775488
rs12621900,1.05,0.020361283
rs74001374,1.13,0.053462605
rs2292884,1.06,0.026533265
rs77559646,1.33,0.123198075
rs77482050,1.43,0.155943018
rs2074840,1.05,0.021189299
rs76832527,1.11,0.04453976
rs6550597,1.05,0.01911629
rs7618603,1.06,0.025305865
rs34680713,1.06,0.025715384
rs13091518,1.04,0.016615548
rs143745027,1.17,0.067814511
rs7628934,1.1,0.04060234
rs114810266,1.17,0.066325925
rs1283104,1.05,0.01911629
rs151038334,1.08,0.033021445
rs2271494,1.08,0.033825694
rs2811476,1.1,0.042181595
rs35006112,1.08,0.034628457
rs1457063,1.04,0.018700499
rs7650602,1.05,0.020775488
rs145053401,1.09,0.036229544
rs2293607,1.06,0.025305865
rs78416326,1.21,0.081347308
rs577952184,1.1,0.041392685
rs11717887,1.04,0.01745073
rs17804499,1.21,0.084218687
rs13142786,1.07,0.029789471
rs6853490,1.08,0.032215703
rs7679673,1.1,0.041392685
rs17035310,1.07,0.028977705
rs77821238,1.05,0.022840611
rs72725734,1.05,0.02201574
rs147762399,1.08,0.035029282
rs2242652,1.14,0.058426024
rs71595003,1.19,0.074816441
rs2736098,1.07,0.030194785
rs4975758,1.1,0.041787319
rs71599622,1.05,0.019946682
rs10941370,1.04,0.015778756
rs1482675,1.04,0.015359755
rs9292122,1.04,0.018284308
rs10793821,1.06,0.024485668
rs76551843,1.31,0.117602692
rs9686557,1.04,0.01494035
rs61739424,1.11,0.043362278
rs2672843,1.05,0.020361283
rs2814811,1.04,0.018700499
rs2018336,1.06,0.026941628
rs6927369,1.07,0.028164419
rs4269363,1.04,0.018700499
rs12665509,1.04,0.01745073
rs35159226,1.04,0.018700499
rs62407547,1.06,0.023663918
rs9275160,1.04,0.018700499
rs9469899,1.05,0.01911629
rs4714485,1.1,0.040997692
rs9472120,1.04,0.016615548
rs9443189,1.08,0.031408464
rs2038542,1.07,0.028164419
rs339351,1.12,0.047664195
rs150184171,1.05,0.019946682
rs13215045,1.07,0.031004281
rs963800,1.06,0.026941628
rs4646284,1.2,0.079904468
rs4513875,1.04,0.01745073
rs11452686,1.04,0.018284308
rs9655205,1.09,0.037824751
rs35389879,1.04,0.017867719
rs6956484,1.06,0.023663918
rs10486567,1.12,0.048053173
rs12701838,1.07,0.027349608
rs834608,1.05,0.021602716
rs6955627,1.06,0.023663918
rs4727386,1.1,0.041392685
rs870167,1.07,0.027349608
rs2572375,1.05,0.019531685
rs6557704,1.07,0.030194785
rs1160267,1.17,0.067442843
rs141811748,1.08,0.032618761
rs12677206,1.04,0.018700499
rs11467,1.04,0.01745073
rs73700335,1.05,0.022840611
rs57588856,1.05,0.019946682
rs6984837,1.09,0.035429738
rs7011138,0.94,-0.026872146
rs7463326,1.18,0.072249898
rs72725854,2.09,0.319522449
rs77541621,1.89,0.276921132
rs72725879,1.3,0.112269768
rs183373024,2.27,0.355834496
rs78809737,1.08,0.035029282
rs201057014,1.06,0.024074987
rs17464492,1.12,0.048441804
rs6983267,1.17,0.068556895
rs10090154,1.35,0.129367596
rs34265760,1.12,0.048053173
rs12549761,1.18,0.070407322
rs34540271,1.05,0.021602716
rs10122990,1.06,0.02325246
rs17694493,1.07,0.031004281
rs10122495,1.05,0.021602716
rs142727307,1.08,0.031812271
rs4451364,1.05,0.02201574
rs817872,1.07,0.029789471
rs143655302,1.3,0.115277591
rs2241167,1.04,0.016197354
rs12634,1.06,0.024485668
rs12781100,1.08,0.033021445
rs7075427,1.12,0.049218023
rs11599847,1.12,0.047274867
rs10993994,1.21,0.08350262
rs11817544,1.09,0.037426498
rs12412705,1.07,0.028571253
rs1935581,1.05,0.01911629
rs12262998,1.07,0.030599722
rs10885396,1.04,0.018284308
rs4558107,1.06,0.025305865
rs140783917,1.21,0.082426301
rs10788167,1.06,0.026533265
rs10749415,1.12,0.047664195
rs12769682,1.06,0.02489596
rs1881502,1.05,0.022428371
rs11043143,1.16,0.06483222
rs61890184,1.08,0.034227261
rs68010938,1.04,0.018700499
rs1048374,1.13,0.054613055
rs2277283,1.05,0.022840611
rs12785905,1.12,0.050379756
rs3018690,1.05,0.019531685
rs11825796,1.09,0.039017322
rs11228580,1.27,0.103803721
rs3918298,1.14,0.054995862
rs56159348,1.06,0.024074987
rs11568818,1.08,0.031812271
rs74911261,1.15,0.061829307
rs5794883,1.07,0.028977705
rs138466039,1.32,0.121887985
rs878987,1.07,0.027757205
rs2066827,1.06,0.02325246
rs77216612,1.04,0.016197354
rs10845938,1.06,0.024074987
rs80130819,1.1,0.039414119
rs56222401,1.08,0.032618761
rs113925811,1.18,0.07114529
rs187809440,1.34,0.127752516
rs7968403,1.06,0.024485668
rs4842687,1.06,0.026941628
rs77121786,1.05,0.020361283
rs1270884,1.07,0.030194785
rs7295014,1.06,0.02325246
rs1327653,1.04,0.018700499
rs7489409,1.09,0.035829825
rs7336001,1.1,0.040997692
rs75823044,1.53,0.183269844
rs1004030,1.04,0.016615548
rs6571758,1.06,0.026533265
rs11849126,1.04,0.018700499
rs4901313,1.08,0.034628457
rs8005621,1.07,0.029789471
rs79133931,1.11,0.046104787
rs2093202,1.04,0.01745073
rs767127,1.05,0.02201574
rs17565772,1.04,0.017867719
rs11561564,1.07,0.027349608
rs33984059,1.19,0.075546961
rs74634457,1.05,0.021189299
rs8023793,1.03,0.013258665
rs12913603,1.04,0.016615548
rs7188897,1.05,0.019531685
rs13380763,1.06,0.023663918
rs11863709,1.14,0.056904851
rs28709974,1.09,0.037426498
rs8052913,1.04,0.017867719
rs684232,1.08,0.035029282
rs78378222,1.26,0.101059355
rs28441558,1.17,0.066325925
rs72811270,1.06,0.024074987
rs4795646,1.06,0.024074987
rs3110641,1.06,0.023663918
rs11649743,1.11,0.04453976
rs11263763,1.21,0.084218687
rs138213197,3.98,0.599446376
rs2960158,1.05,0.01911629
rs565189650,1.11,0.044147621
rs12938538,1.04,0.016197354
rs148511027,1.16,0.065579715
rs8089411,1.04,0.018284308
rs35283980,1.04,0.01745073
rs533722308,1.05,0.021602716
rs11876000,1.04,0.016615548
rs9959454,1.07,0.029789471
rs10412482,1.05,0.022428371
rs17501397,1.08,0.033021445
rs59710626,1.06,0.024485668
rs4802297,1.09,0.038222638
rs11673591,1.08,0.031812271
rs2659051,1.1,0.040206628
rs61752561,1.15,0.061452479
rs76765083,1.3,0.115277591
rs6039055,1.04,0.015778756
rs11480453,1.04,0.017867719
rs6141551,1.04,0.017867719
rs73909841,1.11,0.043755127
rs6126986,1.06,0.024485668
rs139135938,1.04,0.018700499
rs381331,1.05,0.02201574
rs3787099,1.11,0.04453976
rs1058319,1.12,0.048053173
rs11701433,1.04,0.01745073
rs61735792,1.26,0.100715087
rs9978557,1.09,0.03702788
rs1978060,1.05,0.022840611
rs9625483,1.15,0.061075324
rs17886163,1.59,0.202488317
rs555607708,1.48,0.169380495
rs138708,1.16,0.065206128
rs34584683,1.07,0.029789471
rs6003062,1.17,0.06669855
rs5759167,1.13,0.051152522
rs9615099,1.04,0.018284308
rs960417,1.05,0.020361283
rs17321482,1.06,0.025305865
rs5972255,1.03,0.013679697
rs11338635,1.1,0.042575512
rs5943724,1.05,0.019946682
rs4826594,1.01,0.003891166
rs5919393,1.06,0.025305865
rs371707439,1.05,0.022840611
