rs*,European_raf,African_raf,East Asian_raf,Hispanic_raf,European_bound,African_bound,East Asian_bound,Hispanic_bound
rs7542260,0.067,0.439,0.113,0.157,67,439,113,157
rs2847344,0.692,0.703,0.690,0.540,692,703,690,540
rs10803412,0.176,0.594,0.021,0.126,176,594,21,126
rs544780844,0.188,0.098,0.015,0.100,188,98,15,100
rs56391074,0.370,0.722,0.751,0.500,370,722,751,500
rs1811698,0.895,0.448,0.810,0.887,895,448,810,887
rs607518,0.209,0.068,0.042,0.116,209,68,42,116
rs10127983,0.312,0.223,0.290,0.399,312,223,290,399
rs56103503,0.386,0.086,0.885,0.490,386,86,885,490
rs147847496,0.968,0.994,1.000,0.984,968,994,1000,984
rs184104770,0.019,0.004,0.000,0.006,19,4,0,6
rs80237341,0.018,0.007,0.103,0.073,18,7,103,73
rs6660538,0.363,0.474,0.606,0.415,363,474,606,415
rs4075646,0.043,0.147,0.573,0.047,43,147,573,47
rs507603,0.159,0.314,0.234,0.123,159,314,234,123
rs34295433,0.536,0.367,0.608,0.620,536,367,608,620
rs138638958,0.540,0.691,0.610,0.548,540,691,610,548
rs4245739,0.739,0.761,0.958,0.735,739,761,958,735
rs708723,0.439,0.744,0.466,0.587,439,744,466,587
rs11686272,0.440,0.221,0.149,0.520,440,221,149,520
rs73913932,0.070,0.184,0.003,0.069,70,184,3,69
rs1990613,0.504,0.469,0.391,0.487,504,469,391,487
rs7602028,0.711,0.804,0.398,0.534,711,804,398,534
rs9306894,0.363,0.115,0.515,0.311,363,115,515,311
rs6738169,0.703,0.804,0.430,0.768,703,804,430,768
rs7591218,0.315,0.325,0.661,0.546,315,325,661,546
rs28514770,0.710,0.428,0.876,0.773,710,428,876,773
rs11125927,0.111,0.163,0.246,0.219,111,163,246,219
rs58235267,0.470,0.447,0.691,0.536,470,447,691,536
rs139283528,0.986,0.996,1.000,0.994,986,996,1000,994
rs74702681,0.022,0.004,0.003,0.009,22,4,3,9
rs2028900,0.558,0.321,0.628,0.644,558,321,628,644
rs2165108,0.044,0.143,0.243,0.057,44,143,243,57
rs11691517,0.742,0.807,0.798,0.842,742,807,798,842
rs111595856,0.070,0.405,0.192,0.090,70,405,192,90
rs10206072,0.891,0.796,0.634,0.810,891,796,634,810
rs16854905,0.899,0.742,0.764,0.832,899,742,764,832
rs77167534,0.941,0.987,0.767,0.920,941,987,767,920
rs34925593,0.481,0.221,0.411,0.487,481,221,411,487
rs1861270,0.733,0.782,0.687,0.578,733,782,687,578
rs12621900,0.769,0.451,0.830,0.688,769,451,830,688
rs74001374,0.993,0.714,0.947,0.950,993,714,947,950
rs2292884,0.241,0.562,0.267,0.284,241,562,267,284
rs77559646,0.023,0.004,0.000,0.007,23,4,0,7
rs77482050,0.987,0.999,1.000,0.995,987,999,1000,995
rs2074840,0.306,0.485,0.887,0.526,306,485,887,526
rs76832527,0.171,0.043,0.100,0.151,171,43,100,151
rs6550597,0.713,0.726,0.531,0.699,713,726,531,699
rs7618603,0.169,0.461,0.168,0.304,169,461,168,304
rs34680713,0.182,0.186,0.063,0.134,182,186,63,134
rs13091518,0.584,0.559,0.741,0.714,584,559,741,714
rs143745027,0.064,0.057,0.131,0.101,64,57,131,101
rs7628934,0.501,0.788,0.690,0.615,501,788,690,615
rs114810266,0.977,0.959,0.995,0.986,977,959,995,986
rs1283104,0.377,0.485,0.418,0.491,377,485,418,491
rs151038334,0.918,0.947,0.998,0.945,918,947,998,945
rs2271494,0.566,0.486,0.209,0.634,566,486,209,634
rs2811476,0.266,0.316,0.115,0.287,266,316,115,287
rs35006112,0.840,0.826,0.631,0.744,840,826,631,744
rs1457063,0.616,0.253,0.700,0.544,616,253,700,544
rs7650602,0.446,0.688,0.331,0.433,446,688,331,433
rs145053401,0.895,0.912,0.996,0.932,895,912,996,932
rs2293607,0.749,0.929,0.412,0.601,749,929,412,601
rs78416326,0.793,0.958,0.781,0.765,793,958,781,765
rs577952184,0.882,0.887,0.946,0.893,882,887,946,893
rs11717887,0.366,0.298,0.336,0.370,366,298,336,370
rs17804499,0.947,0.988,0.999,0.964,947,988,999,964
rs13142786,0.475,0.589,0.338,0.514,475,589,338,514
rs6853490,0.442,0.213,0.459,0.541,442,213,459,541
rs7679673,0.592,0.383,0.199,0.471,592,383,199,471
rs17035310,0.869,0.824,0.977,0.908,869,824,977,908
rs77821238,0.835,0.896,0.929,0.895,835,896,929,895
rs72725734,0.158,0.255,0.319,0.165,158,255,319,165
rs147762399,0.035,0.092,0.153,0.029,35,92,153,29
rs2242652,0.793,0.858,0.810,0.851,793,858,810,851
rs71595003,0.031,0.005,0.000,0.005,31,5,0,5
rs2736098,0.260,0.116,0.327,0.226,260,116,327,226
rs4975758,0.475,0.318,0.400,0.499,475,318,400,499
rs71599622,0.302,0.459,0.428,0.312,302,459,428,312
rs10941370,0.452,0.423,0.615,0.630,452,423,615,630
rs1482675,0.311,0.361,0.315,0.531,311,361,315,531
rs9292122,0.712,0.593,0.255,0.475,712,593,255,475
rs10793821,0.578,0.669,0.731,0.738,578,669,731,738
rs76551843,0.991,0.998,1.000,0.999,991,998,1000,999
rs9686557,0.444,0.858,0.317,0.403,444,858,317,403
rs61739424,0.958,0.980,0.904,0.879,958,980,904,879
rs2672843,0.411,0.193,0.082,0.284,411,193,82,284
rs2814811,0.403,0.613,0.288,0.560,403,613,288,560
rs2018336,0.780,0.938,0.934,0.830,780,938,934,830
rs6927369,0.803,0.770,0.348,0.746,803,770,348,746
rs4269363,0.568,0.204,0.292,0.495,568,204,292,495
rs12665509,0.453,0.487,0.309,0.544,453,487,309,544
rs35159226,0.259,0.301,0.290,0.248,259,301,290,248
rs62407547,0.256,0.054,0.185,0.200,256,54,185,200
rs9275160,0.337,0.279,0.426,0.401,337,279,426,401
rs9469899,0.358,0.670,0.388,0.309,358,670,388,309
rs4714485,0.276,0.470,0.378,0.393,276,470,378,393
rs9472120,0.491,0.556,0.605,0.441,491,556,605,441
rs9443189,0.858,0.473,0.636,0.866,858,473,636,866
rs2038542,0.146,0.268,0.070,0.106,146,268,70,106
rs339351,0.694,0.741,0.640,0.726,694,741,640,726
rs150184171,0.531,0.466,0.251,0.336,531,466,251,336
rs13215045,0.684,0.539,0.373,0.706,684,539,373,706
rs963800,0.781,0.501,0.599,0.770,781,501,599,770
rs4646284,0.294,0.365,0.280,0.230,294,365,280,230
rs4513875,0.382,0.125,0.407,0.437,382,125,407,437
rs11452686,0.561,0.372,0.165,0.404,561,372,165,404
rs9655205,0.222,0.148,0.218,0.132,222,148,218,132
rs35389879,0.415,0.111,0.026,0.216,415,111,26,216
rs6956484,0.615,0.488,0.064,0.462,615,488,64,462
rs10486567,0.763,0.709,0.126,0.521,763,709,126,521
rs12701838,0.730,0.891,0.959,0.774,730,891,959,774
rs834608,0.576,0.625,0.674,0.585,576,625,674,585
rs6955627,0.914,0.560,0.723,0.775,914,560,723,775
rs4727386,0.460,0.833,0.847,0.670,460,833,847,670
rs870167,0.072,0.104,0.312,0.264,72,104,312,264
rs2572375,0.704,0.931,0.994,0.860,704,931,994,860
rs6557704,0.278,0.078,0.083,0.225,278,78,83,225
rs1160267,0.429,0.704,0.337,0.450,429,704,337,450
rs141811748,0.143,0.099,0.028,0.164,143,99,28,164
rs12677206,0.333,0.317,0.243,0.285,333,317,243,285
rs11467,0.628,0.539,0.929,0.760,628,539,929,760
rs73700335,0.837,0.938,0.972,0.888,837,938,972,888
rs57588856,0.641,0.356,0.683,0.547,641,356,683,547
rs6984837,0.319,0.090,0.198,0.369,319,90,198,369
rs7011138,0.821,0.956,0.847,0.897,821,956,847,897
rs7463326,0.745,0.840,0.801,0.697,745,840,801,697
rs72725854,0.000,0.061,0.000,0.006,0,61,0,6
rs77541621,0.024,0.004,0.001,0.010,24,4,1,10
rs72725879,0.185,0.341,0.640,0.243,185,341,640,243
rs183373024,0.007,0.001,0.000,0.002,7,1,0,2
rs78809737,0.953,0.991,1.000,0.967,953,991,1000,967
rs201057014,0.127,0.107,0.240,0.112,127,107,240,112
rs17464492,0.717,0.781,0.943,0.795,717,781,943,795
rs6983267,0.511,0.886,0.366,0.603,511,886,366,603
rs10090154,0.104,0.168,0.154,0.077,104,168,154,77
rs34265760,0.979,0.967,0.906,0.922,979,967,906,922
rs12549761,0.876,0.952,0.790,0.860,876,952,790,860
rs34540271,0.698,0.869,0.855,0.611,698,869,855,611
rs10122990,0.373,0.668,0.157,0.320,373,668,157,320
rs17694493,0.136,0.116,0.024,0.075,136,116,24,75
rs10122495,0.294,0.248,0.263,0.208,294,248,263,208
rs142727307,0.109,0.359,0.015,0.090,109,359,15,90
rs4451364,0.767,0.652,0.944,0.862,767,652,944,862
rs817872,0.275,0.475,0.304,0.302,275,475,304,302
rs143655302,0.979,0.996,0.999,0.994,979,996,999,994
rs2241167,0.510,0.662,0.723,0.547,510,662,723,547
rs12634,0.236,0.229,0.252,0.199,236,229,252,199
rs12781100,0.159,0.036,0.001,0.079,159,36,1,79
rs7075427,0.918,0.983,0.997,0.920,918,983,997,920
rs11599847,0.960,0.991,0.989,0.953,960,991,989,953
rs10993994,0.381,0.614,0.470,0.349,381,614,470,349
rs11817544,0.942,0.798,0.793,0.853,942,798,793,853
rs12412705,0.072,0.406,0.343,0.208,72,406,343,208
rs1935581,0.629,0.211,0.473,0.343,629,211,473,343
rs12262998,0.676,0.761,0.873,0.767,676,761,873,767
rs10885396,0.538,0.646,0.382,0.574,538,646,382,574
rs4558107,0.391,0.190,0.125,0.264,391,190,125,264
rs140783917,0.999,0.990,0.849,0.990,999,990,849,990
rs10788167,0.760,0.786,0.759,0.760,760,786,759,760
rs10749415,0.945,0.780,0.978,0.827,945,780,978,827
rs12769682,0.266,0.163,0.017,0.199,266,163,17,199
rs1881502,0.190,0.088,0.071,0.135,190,88,71,135
rs11043143,0.198,0.289,0.096,0.308,198,289,96,308
rs61890184,0.123,0.172,0.130,0.214,123,172,130,214
rs68010938,0.297,0.059,0.227,0.187,297,59,227,187
rs1048374,0.008,0.081,0.177,0.069,8,81,177,69
rs2277283,0.315,0.165,0.075,0.165,315,165,75,165
rs12785905,0.047,0.011,0.000,0.024,47,11,0,24
rs3018690,0.448,0.744,0.425,0.437,448,744,425,437
rs11825796,0.261,0.512,0.017,0.185,261,512,17,185
rs11228580,0.158,0.158,0.005,0.112,158,158,5,112
rs3918298,0.025,0.241,0.017,0.041,25,241,17,41
rs56159348,0.674,0.802,0.849,0.802,674,802,849,802
rs11568818,0.550,0.547,0.912,0.650,550,547,912,650
rs74911261,0.023,0.005,0.001,0.012,23,5,1,12
rs5794883,0.699,0.594,0.740,0.772,699,594,740,772
rs138466039,0.009,0.003,0.000,0.004,9,3,0,4
rs878987,0.147,0.193,0.042,0.081,147,193,42,81
rs2066827,0.756,0.290,0.955,0.819,756,290,955,819
rs77216612,0.728,0.928,0.579,0.823,728,928,579,823
rs10845938,0.557,0.429,0.667,0.629,557,429,667,629
rs80130819,0.909,0.982,0.995,0.937,909,982,995,937
rs56222401,0.255,0.536,0.707,0.293,255,536,707,293
rs113925811,0.128,0.153,0.005,0.071,128,153,5,71
rs187809440,0.001,0.001,0.030,0.006,1,1,30,6
rs7968403,0.642,0.837,0.813,0.722,642,837,813,722
rs4842687,0.705,0.610,0.789,0.588,705,610,789,588
rs77121786,0.200,0.186,0.154,0.121,200,186,154,121
rs1270884,0.483,0.197,0.245,0.351,483,197,245,351
rs7295014,0.341,0.457,0.840,0.464,341,457,840,464
rs1327653,0.258,0.308,0.154,0.224,258,308,154,224
rs7489409,0.186,0.160,0.401,0.374,186,160,401,374
rs7336001,0.911,0.985,0.999,0.948,911,985,999,948
rs75823044,0.000,0.021,0.000,0.002,0,21,0,2
rs1004030,0.584,0.624,0.648,0.760,584,624,648,760
rs6571758,0.616,0.579,0.741,0.441,616,579,741,441
rs11849126,0.694,0.764,0.854,0.753,694,764,854,753
rs4901313,0.813,0.718,0.997,0.877,813,718,997,877
rs8005621,0.087,0.340,0.170,0.108,87,340,170,108
rs79133931,0.002,0.019,0.088,0.102,2,19,88,102
rs2093202,0.613,0.399,0.435,0.719,613,399,435,719
rs767127,0.497,0.487,0.815,0.560,497,487,815,560
rs17565772,0.466,0.219,0.280,0.508,466,219,280,508
rs11561564,0.838,0.908,0.318,0.586,838,908,318,586
rs33984059,0.977,0.996,0.999,0.986,977,996,999,986
rs74634457,0.256,0.087,0.139,0.149,256,87,139,149
rs8023793,0.511,0.336,0.608,0.443,511,336,608,443
rs12913603,0.481,0.633,0.574,0.494,481,633,574,494
rs7188897,0.350,0.139,0.101,0.259,350,139,101,259
rs13380763,0.814,0.827,0.924,0.894,814,827,924,894
rs11863709,0.959,0.965,0.997,0.978,959,965,997,978
rs28709974,0.058,0.075,0.005,0.041,58,75,5,41
rs8052913,0.385,0.580,0.617,0.595,385,580,617,595
rs684232,0.352,0.648,0.512,0.408,352,648,512,408
rs78378222,0.012,0.003,0.000,0.004,12,3,0,4
rs28441558,0.055,0.038,0.004,0.021,55,38,4,21
rs72811270,0.120,0.205,0.086,0.170,120,205,86,170
rs4795646,0.773,0.931,0.306,0.629,773,931,306,629
rs3110641,0.221,0.545,0.290,0.220,221,545,290,220
rs11649743,0.805,0.923,0.693,0.822,805,923,693,822
rs11263763,0.529,0.612,0.713,0.607,529,612,713,607
rs138213197,0.002,0.000,0.000,0.000,2,0,0,0
rs2960158,0.766,0.837,0.686,0.683,766,837,686,683
rs565189650,0.073,0.087,0.005,0.041,73,87,5,41
rs12938538,0.558,0.623,0.467,0.657,558,623,467,657
rs148511027,0.473,0.206,0.320,0.587,473,206,320,587
rs8089411,0.444,0.274,0.745,0.465,444,274,745,465
rs35283980,0.305,0.321,0.502,0.463,305,321,502,463
rs533722308,0.417,0.386,0.365,0.400,417,386,365,400
rs11876000,0.414,0.377,0.334,0.330,414,377,334,330
rs9959454,0.732,0.766,0.610,0.736,732,766,610,736
rs10412482,0.706,0.455,0.632,0.567,706,455,632,567
rs17501397,0.911,0.981,0.968,0.957,911,981,968,957
rs59710626,0.864,0.925,0.853,0.926,864,925,853,926
rs4802297,0.489,0.669,0.286,0.418,489,669,286,418
rs11673591,0.737,0.208,0.569,0.792,737,208,569,792
rs2659051,0.798,0.839,0.621,0.724,798,839,621,724
rs61752561,0.958,0.993,1.000,0.991,958,993,1000,991
rs76765083,0.923,0.986,0.999,0.961,923,986,999,961
rs6039055,0.711,0.476,0.451,0.758,711,476,451,758
rs11480453,0.605,0.229,0.129,0.406,605,229,129,406
rs6141551,0.609,0.333,0.747,0.682,609,333,747,682
rs73909841,0.928,0.871,0.925,0.922,928,871,925,922
rs6126986,0.479,0.753,0.420,0.436,479,753,420,436
rs139135938,0.673,0.494,0.575,0.543,673,494,575,543
rs381331,0.611,0.333,0.272,0.499,611,333,272,499
rs3787099,0.914,0.937,0.972,0.933,914,937,972,933
rs1058319,0.864,0.955,0.425,0.800,864,955,425,800
rs11701433,0.334,0.271,0.578,0.370,334,271,578,370
rs61735792,0.016,0.003,0.000,0.018,16,3,0,18
rs9978557,0.902,0.948,0.998,0.947,902,948,998,947
rs1978060,0.615,0.758,0.441,0.496,615,758,441,496
rs9625483,0.027,0.004,0.003,0.012,27,4,3,12
rs17886163,0.000,0.015,0.000,0.002,0,15,0,2
rs555607708,0.004,0.001,0.000,0.002,4,1,0,2
rs138708,0.980,0.993,0.867,0.986,980,993,867,986
rs34584683,0.206,0.594,0.043,0.138,206,594,43,138
rs6003062,0.933,0.945,0.996,0.944,933,945,996,944
rs5759167,0.502,0.745,0.676,0.583,502,745,676,583
rs9615099,0.745,0.395,0.570,0.655,745,395,570,655
rs960417,0.713,0.782,0.781,0.875,713,782,781,875
rs17321482,0.866,0.966,0.997,0.940,866,966,997,940
rs5972255,0.233,0.481,0.206,0.390,233,481,206,390
rs11338635,0.364,0.349,0.086,0.188,364,349,86,188
rs5943724,0.629,0.778,0.578,0.806,629,778,578,806
rs4826594,0.093,0.449,0.445,0.269,93,449,445,269
rs5919393,0.845,0.143,0.998,0.884,845,143,998,884
rs371707439,0.257,0.118,0.006,0.131,257,118,6,131